-- TCD Stocking Inc. - Complete Seed Data
-- Populated from Grocery_Inventory data with fabricated customer/order records


-- =========================================================
-- VENDOR DATA
-- =========================================================
INSERT INTO Vendor (vendor_name, country, contact_name, contact_email, contact_phone) VALUES
('Eimbee', 'USA', 'John Smith', 'john@eimbee.com', '555-0101'),
('Digitube', 'Canada', 'Sarah Johnson', 'sarah@digitube.ca', '555-0102'),
('BlogXS', 'USA', 'Mike Chen', 'mike@blogxs.com', '555-0103'),
('Avaveo', 'Mexico', 'Rosa Garcia', 'rosa@avaveo.mx', '555-0104'),
('Katz', 'USA', 'David Brown', 'david@katz.com', '555-0105'),
('Yata', 'Japan', 'Yuki Tanaka', 'yuki@yata.jp', '555-0106'),
('Lazz', 'Brazil', 'Lucas Silva', 'lucas@lazz.br', '555-0107'),
('Zoonder', 'Norway', 'Ole Andersen', 'ole@zoonder.no', '555-0108'),
('Oozz', 'Greece', 'Dimitri Papadopoulos', 'dimitri@oozz.gr', '555-0109'),
('Jaxnation', 'USA', 'Emily White', 'emily@jaxnation.com', '555-0110'),
('Gabcube', 'UK', 'James Miller', 'james@gabcube.co.uk', '555-0111'),
('Dabtype', 'Spain', 'Carlos Rodriguez', 'carlos@dabtype.es', '555-0112'),
('Flashdog', 'France', 'Marie Dubois', 'marie@flashdog.fr', '555-0113'),
('Devshare', 'Germany', 'Klaus Mueller', 'klaus@devshare.de', '555-0114'),
('Cogilith', 'Italy', 'Marco Rossi', 'marco@cogilith.it', '555-0115'),
('Roodel', 'Chile', 'Diego Morales', 'diego@roodel.cl', '555-0116'),
('Bluezoom', 'Australia', 'Sophie Martin', 'sophie@bluezoom.com.au', '555-0117'),
('Skimia', 'New Zealand', 'Tom Anderson', 'tom@skimia.co.nz', '555-0118'),
('Blogpad', 'USA', 'Rachel Green', 'rachel@blogpad.com', '555-0119'),
('Dabjam', 'USA', 'Kevin Lee', 'kevin@dabjam.com', '555-0120'),
('Feedmix', 'Colombia', 'Juan Perez', 'juan@feedmix.com.co', '555-0121'),
('Trupe', 'USA', 'Lisa Anderson', 'lisa@trupe.com', '555-0122'),
('Meevee', 'Peru', 'Pablo Hernandez', 'pablo@meevee.pe', '555-0123'),
('Topicware', 'Thailand', 'Somchai Pho', 'somchai@topicware.th', '555-0124'),
('Plajo', 'USA', 'Amanda Taylor', 'amanda@plajo.com', '555-0125'),
('Skyndu', 'Vietnam', 'Nguyen Tran', 'nguyen@skyndu.vn', '555-0126'),
('Yotz', 'Ethiopia', 'Abebe Alemayehu', 'abebe@yotz.et', '555-0127'),
('Vinder', 'Indonesia', 'Budi Santoso', 'budi@vinder.id', '555-0128'),
('Geba', 'USA', 'Robert Chen', 'robert@geba.com', '555-0129'),
('Dazzlesphere', 'USA', 'Jennifer Harris', 'jennifer@dazzlesphere.com', '555-0130');

-- =========================================================
-- WAREHOUSE DATA
-- =========================================================
INSERT INTO Warehouse (warehouse_name, address, city, state, shipping_cost, import_cost) VALUES
('Pennsylvania Central', '20 Pennsylvania Parkway', 'Pittsburgh', 'PA', 25.00, 150.00),
('Oakridge Distribution', '03643 Oakridge Lane', 'Los Angeles', 'CA', 30.00, 175.00),
('Graedel Street Hub', '73 Graedel Street', 'Chicago', 'IL', 22.00, 145.00),
('Myrtle Center Warehouse', '44801 Myrtle Center', 'Houston', 'TX', 28.00, 160.00),
('Monterey Distribution', '6195 Monterey Center', 'Phoenix', 'AZ', 26.00, 155.00),
('Anniversary Crossing', '5141 Anniversary Crossing', 'Philadelphia', 'PA', 23.00, 148.00),
('Second Pass Storage', '38583 2nd Pass', 'San Antonio', 'TX', 27.00, 158.00),
('Porter Junction', '86 Porter Junction', 'San Diego', 'CA', 31.00, 170.00),
('Saint Paul Hub', '05518 Saint Paul Street', 'Dallas', 'TX', 25.00, 152.00),
('Dottie Avenue Center', '14042 Dottie Avenue', 'San Jose', 'CA', 32.00, 172.00),
('Austin Regional', '8200 Tech Ridge Blvd', 'Austin', 'TX', 26.00, 154.00),
('Miami Southeast', '5555 Biscayne Blvd', 'Miami', 'FL', 29.00, 168.00),
('Denver Rocky', '2020 South Colorado', 'Denver', 'CO', 27.00, 162.00),
('Seattle Pacific', '1111 Elliott Ave W', 'Seattle', 'WA', 28.00, 165.00),
('Boston Northeast', '100 Hanover Street', 'Boston', 'MA', 24.00, 150.00);

-- =========================================================
-- CUSTOMER DATA (Fabricated - realistic retail customers)
-- =========================================================
INSERT INTO Customer (first_name, last_name, email, phone, address, city, state, zip_code) VALUES
('Alice', 'Johnson', 'alice.johnson@email.com', '555-1001', '123 Main St', 'Pittsburgh', 'PA', '15213'),
('Bob', 'Smith', 'bob.smith@email.com', '555-1002', '456 Oak Ave', 'Los Angeles', 'CA', '90001'),
('Carol', 'Williams', 'carol.williams@email.com', '555-1003', '789 Pine Rd', 'Chicago', 'IL', '60601'),
('David', 'Brown', 'david.brown@email.com', '555-1004', '321 Elm St', 'Houston', 'TX', '77001'),
('Emma', 'Davis', 'emma.davis@email.com', '555-1005', '654 Maple Dr', 'Phoenix', 'AZ', '85001'),
('Frank', 'Miller', 'frank.miller@email.com', '555-1006', '987 Cedar Ln', 'Philadelphia', 'PA', '19101'),
('Grace', 'Wilson', 'grace.wilson@email.com', '555-1007', '147 Birch Ct', 'San Antonio', 'TX', '78201'),
('Henry', 'Moore', 'henry.moore@email.com', '555-1008', '258 Ash Blvd', 'San Diego', 'CA', '92101'),
('Iris', 'Taylor', 'iris.taylor@email.com', '555-1009', '369 Willow Way', 'Dallas', 'TX', '75201'),
('Jack', 'Anderson', 'jack.anderson@email.com', '555-1010', '741 Spruce St', 'San Jose', 'CA', '95101'),
('Karen', 'Thomas', 'karen.thomas@email.com', '555-1011', '852 Hemlock Ave', 'Pittsburgh', 'PA', '15213'),
('Larry', 'Jackson', 'larry.jackson@email.com', '555-1012', '963 Laurel Rd', 'Los Angeles', 'CA', '90001'),
('Michelle', 'White', 'michelle.white@email.com', '555-1013', '159 Dogwood Dr', 'Chicago', 'IL', '60601'),
('Nathan', 'Harris', 'nathan.harris@email.com', '555-1014', '357 Sycamore Ln', 'Houston', 'TX', '77001'),
('Olivia', 'Martin', 'olivia.martin@email.com', '555-1015', '486 Walnut St', 'Phoenix', 'AZ', '85001'),
('Peter', 'Lee', 'peter.lee@email.com', '555-1016', '912 Hickory Ct', 'Philadelphia', 'PA', '19101'),
('Quinn', 'Perez', 'quinn.perez@email.com', '555-1017', '135 Chestnut Way', 'San Antonio', 'TX', '78201'),
('Rachel', 'Roberts', 'rachel.roberts@email.com', '555-1018', '246 Cottonwood Ave', 'San Diego', 'CA', '92101'),
('Steven', 'Phillips', 'steven.phillips@email.com', '555-1019', '357 Juniper Blvd', 'Dallas', 'TX', '75201'),
('Tina', 'Campbell', 'tina.campbell@email.com', '555-1020', '468 Magnolia Rd', 'San Jose', 'CA', '95101');
-- =========================================================
-- PRODUCT DATA WITH SUBTYPES
-- =========================================================

-- PRODUCE (Fruits & Vegetables)
INSERT INTO Product (product_name, product_type, unit_price, weight, vendor_id) VALUES
('Bell Pepper', 'Produce', 4.60, 0.250, 1),
('Carrot', 'Produce', 1.50, 0.200, 4),
('Garlic', 'Produce', 7.00, 0.100, 5),
('Lemon', 'Produce', 2.40, 0.150, 6),
('Orange', 'Produce', 2.90, 0.200, 13),
('Cauliflower', 'Produce', 2.50, 0.600, 15),
('Pear', 'Produce', 4.50, 0.300, 16),
('Eggplant', 'Produce', 3.00, 0.400, 19),
('Sweet Potato', 'Produce', 2.00, 0.350, 22),
('Mango', 'Produce', 4.80, 0.400, 23),
('Kale', 'Produce', 4.00, 0.250, 24),
('Cucumber', 'Produce', 1.80, 0.400, 2),
('Lime', 'Produce', 2.00, 0.100, 5),
('Mushrooms', 'Produce', 6.00, 0.250, 23),
('Spinach', 'Produce', 2.50, 0.200, 24),
('Apricot', 'Produce', 5.00, 0.100, 20),
('Pineapple', 'Produce', 3.50, 1.500, 24),
('Grapes', 'Produce', 5.50, 0.400, 13),
('Onion', 'Produce', 2.00, 0.250, 15),
('Tomato', 'Produce', 2.50, 0.300, 15);

INSERT INTO Produce (product_id, is_organic, shelf_life_days, storage_temp, origin_region, season) VALUES
(1, FALSE, 14, 8.0, 'California', 'Spring/Fall'),
(2, TRUE, 21, 5.0, 'Texas', 'Winter'),
(3, FALSE, 30, 5.0, 'California', 'Year-round'),
(4, FALSE, 21, 8.0, 'Florida', 'Winter'),
(5, FALSE, 21, 8.0, 'Florida', 'Winter'),
(6, TRUE, 10, 5.0, 'New York', 'Fall'),
(7, FALSE, 14, 8.0, 'Washington', 'Fall'),
(8, FALSE, 7, 10.0, 'New Jersey', 'Summer'),
(9, FALSE, 30, 8.0, 'North Carolina', 'Fall'),
(10, FALSE, 10, 12.0, 'Mexico', 'Summer'),
(11, TRUE, 10, 5.0, 'California', 'Year-round'),
(12, FALSE, 7, 8.0, 'Florida', 'Year-round'),
(13, FALSE, 14, 8.0, 'Mexico', 'Year-round'),
(14, FALSE, 5, 5.0, 'Pennsylvania', 'Spring'),
(15, TRUE, 10, 5.0, 'California', 'Year-round'),
(16, FALSE, 7, 8.0, 'California', 'Summer'),
(17, FALSE, 10, 10.0, 'Costa Rica', 'Year-round'),
(18, FALSE, 10, 8.0, 'California', 'Fall/Winter'),
(19, FALSE, 30, 5.0, 'New York', 'Year-round'),
(20, FALSE, 7, 8.0, 'Florida', 'Year-round');

-- DAIRY
INSERT INTO Product (product_name, product_type, unit_price, weight, vendor_id) VALUES
('Parmesan Cheese', 'Dairy', 12.00, 0.500, 3),
('Cheese', 'Dairy', 9.00, 0.500, 9),
('Yogurt', 'Dairy', 1.70, 0.170, 10),
('Cheddar Cheese', 'Dairy', 9.00, 0.500, 11),
('Milk', 'Dairy', 0.90, 1.000, 3),
('Ricotta Cheese', 'Dairy', 6.20, 0.500, 18),
('Egg (Turkey)', 'Dairy', 2.50, 0.070, 17),
('Sour Cream', 'Dairy', 4.00, 0.500, 9),
('Feta Cheese', 'Dairy', 7.00, 0.500, 16),
('Gouda Cheese', 'Dairy', 7.00, 0.500, 11),
('Mozzarella Cheese', 'Dairy', 8.50, 0.500, 3),
('Swiss Cheese', 'Dairy', 10.50, 0.500, 11),
('Cream Cheese', 'Dairy', 5.00, 0.226, 9),
('Butter', 'Dairy', 6.50, 0.454, 10),
('Greek Yogurt', 'Dairy', 3.00, 0.170, 10),
('Cottage Cheese', 'Dairy', 4.80, 0.500, 3),
('Whipped Cream', 'Dairy', 4.10, 0.500, 9),
('Buttermilk', 'Dairy', 2.45, 0.946, 10),
('Evaporated Milk', 'Dairy', 2.00, 0.354, 3),
('Egg (Quail)', 'Dairy', 0.80, 0.015, 17);

INSERT INTO Dairy (product_id, fat_percentage, pasteurized, shelf_life_days, lactose_free, storage_temp) VALUES
(21, 28.0, TRUE, 60, FALSE, 4.0),
(22, 30.0, TRUE, 30, FALSE, 4.0),
(23, 3.0, TRUE, 14, FALSE, 4.0),
(24, 32.0, TRUE, 45, FALSE, 4.0),
(25, 3.5, TRUE, 14, FALSE, 4.0),
(26, 17.0, TRUE, 14, FALSE, 4.0),
(27, 11.0, TRUE, 21, FALSE, 4.0),
(28, 12.0, TRUE, 10, FALSE, 4.0),
(29, 24.0, TRUE, 30, FALSE, 4.0),
(30, 28.0, TRUE, 60, FALSE, 4.0),
(31, 26.0, TRUE, 45, FALSE, 4.0),
(32, 31.0, TRUE, 60, FALSE, 4.0),
(33, 24.0, TRUE, 14, FALSE, 4.0),
(34, 80.0, TRUE, 30, FALSE, 4.0),
(35, 10.0, TRUE, 21, FALSE, 4.0),
(36, 14.0, TRUE, 21, FALSE, 4.0),
(37, 35.0, TRUE, 7, FALSE, 4.0),
(38, 1.5, TRUE, 14, FALSE, 4.0),
(39, 8.0, TRUE, 365, FALSE, 8.0),
(40, 9.0, TRUE, 14, FALSE, 4.0);


INSERT INTO Product (product_name, product_type, unit_price, weight, vendor_id) VALUES
('Ground Beef', 'Meat', 8.99, 0.454, 5),
('Chicken Breast', 'Meat', 7.49, 0.500, 5),
('Salmon Fillet', 'Meat', 14.99, 0.300, 28),
('Pork Chops', 'Meat', 9.99, 0.400, 5),
('Turkey Breast', 'Meat', 8.49, 0.500, 28),
('Lamb Chops', 'Meat', 12.99, 0.350, 5),
('Veal Cutlet', 'Meat', 13.49, 0.300, 5),
('Duck Breast', 'Meat', 11.99, 0.400, 28),
('Beef Ribeye', 'Meat', 16.99, 0.350, 5),
('Ground Turkey', 'Meat', 7.99, 0.454, 28),
('Chicken Thighs', 'Meat', 6.99, 0.500, 5),
('Cod Fillet', 'Meat', 10.99, 0.300, 28),
('Sirloin Steak', 'Meat', 14.99, 0.300, 5),
('Pork Ribs', 'Meat', 10.99, 0.600, 5),
('Shrimp', 'Meat', 15.99, 0.250, 28);

INSERT INTO Meat (product_id, cut_type, is_frozen, grade, animal_source, weight_per_unit) VALUES
(41, 'Ground', FALSE, 'Choice', 'Beef', 0.454),
(42, 'Breast', TRUE, 'Grade A', 'Chicken', 0.500),
(43, 'Fillet', FALSE, 'Grade A', 'Salmon', 0.300),
(44, 'Chop', TRUE, 'Grade B', 'Pork', 0.400),
(45, 'Breast', TRUE, 'Grade A', 'Turkey', 0.500),
(46, 'Chop', TRUE, 'Prime', 'Lamb', 0.350),
(47, 'Cutlet', FALSE, 'Grade A', 'Veal', 0.300),
(48, 'Breast', TRUE, 'Grade A', 'Duck', 0.400),
(49, 'Ribeye', FALSE, 'Prime', 'Beef', 0.350),
(50, 'Ground', TRUE, 'Grade A', 'Turkey', 0.454),
(51, 'Thighs', FALSE, 'Grade A', 'Chicken', 0.500),
(52, 'Fillet', FALSE, 'Grade A', 'Cod', 0.300),
(53, 'Steak', FALSE, 'Choice', 'Beef', 0.300),
(54, 'Ribs', TRUE, 'Grade B', 'Pork', 0.600),
(55, 'Whole', TRUE, 'Grade A', 'Shrimp', 0.250);

-- BAKERY
INSERT INTO Product (product_name, product_type, unit_price, weight, vendor_id) VALUES
('Digestive Biscuit', 'Bakery', 4.00, 0.300, 14),
('Sourdough Bread', 'Bakery', 4.00, 0.680, 25),
('Chocolate Biscuit', 'Bakery', 5.00, 0.250, 12),
('Whole Wheat Bread', 'Bakery', 3.50, 0.680, 9),
('Rye Bread', 'Bakery', 3.00, 0.680, 16),
('Croissant', 'Bakery', 3.50, 0.150, 25),
('Bagel', 'Bakery', 2.00, 0.150, 14),
('English Muffin', 'Bakery', 2.50, 0.120, 25),
('Donut', 'Bakery', 1.50, 0.080, 14),
('Cinnamon Roll', 'Bakery', 4.50, 0.200, 25),
('Baguette', 'Bakery', 3.50, 0.500, 16),
('Multigrain Bread', 'Bakery', 3.20, 0.680, 9),
('Focaccia Bread', 'Bakery', 4.00, 0.400, 25),
('Oatmeal Cookie', 'Bakery', 2.00, 0.050, 14),
('Almond Croissant', 'Bakery', 4.50, 0.180, 25);

INSERT INTO Bakery (product_id, is_gluten_free, shelf_life_days, contains_nuts, serving_size, bake_date) VALUES
(56, FALSE, 14, FALSE, '2 biscuits', '2025-04-20'),
(57, FALSE, 3, FALSE, '1 loaf', '2025-04-25'),
(58, FALSE, 21, TRUE, '2 biscuits', '2025-04-20'),
(59, FALSE, 3, FALSE, '1 loaf', '2025-04-25'),
(60, FALSE, 4, FALSE, '1 loaf', '2025-04-24'),
(61, FALSE, 2, FALSE, '1 pastry', '2025-04-26'),
(62, FALSE, 5, FALSE, '1 bagel', '2025-04-24'),
(63, FALSE, 4, FALSE, '1 muffin', '2025-04-25'),
(64, FALSE, 2, FALSE, '1 donut', '2025-04-26'),
(65, FALSE, 1, TRUE, '1 roll', '2025-04-26'),
(66, FALSE, 2, FALSE, '1 loaf', '2025-04-25'),
(67, FALSE, 3, FALSE, '1 loaf', '2025-04-24'),
(68, FALSE, 2, FALSE, '1 loaf', '2025-04-25'),
(69, FALSE, 14, TRUE, '1 cookie', '2025-04-20'),
(70, FALSE, 2, TRUE, '1 pastry', '2025-04-26');

-- SEAFOOD (mapped to Frozen for schema simplicity, though should be Deli)
INSERT INTO Product (product_name, product_type, unit_price, weight, vendor_id) VALUES
('Tilapia', 'Frozen', 7.00, 0.400, 28),
('Tuna', 'Frozen', 18.00, 0.300, 29),
('Trout', 'Frozen', 12.00, 0.350, 26),
('Cod', 'Frozen', 8.00, 0.400, 30),
('Haddock', 'Frozen', 9.00, 0.350, 30),
('Halibut', 'Frozen', 16.00, 0.400, 28),
('Mahi Mahi', 'Frozen', 13.00, 0.350, 29),
('Flounder', 'Frozen', 11.00, 0.350, 26),
('Catfish', 'Frozen', 8.50, 0.400, 30),
('Bass', 'Frozen', 14.00, 0.350, 28),
('Pollock', 'Frozen', 7.50, 0.350, 29),
('Snapper', 'Frozen', 15.00, 0.300, 26),
('Scallops', 'Frozen', 18.00, 0.200, 30),
('Clams', 'Frozen', 12.00, 0.250, 28),
('Mussels', 'Frozen', 10.00, 0.300, 29);

INSERT INTO Frozen (product_id, freeze_date, storage_temp, thaw_time_hours, is_raw, packaging_type) VALUES
(71, '2025-04-01', -18.0, 12, TRUE, 'Vacuum sealed'),
(72, '2025-03-25', -18.0, 12, TRUE, 'Vacuum sealed'),
(73, '2025-04-05', -18.0, 12, TRUE, 'Vacuum sealed'),
(74, '2025-04-08', -18.0, 12, TRUE, 'Vacuum sealed'),
(75, '2025-04-10', -18.0, 12, TRUE, 'Vacuum sealed'),
(76, '2025-04-03', -18.0, 12, TRUE, 'Vacuum sealed'),
(77, '2025-04-06', -18.0, 12, TRUE, 'Vacuum sealed'),
(78, '2025-04-09', -18.0, 12, TRUE, 'Vacuum sealed'),
(79, '2025-04-02', -18.0, 12, TRUE, 'Vacuum sealed'),
(80, '2025-04-07', -18.0, 12, TRUE, 'Vacuum sealed'),
(81, '2025-04-04', -18.0, 12, TRUE, 'Vacuum sealed'),
(82, '2025-04-11', -18.0, 12, TRUE, 'Vacuum sealed'),
(83, '2025-04-12', -18.0, 8, TRUE, 'Vacuum sealed'),
(84, '2025-04-08', -18.0, 10, TRUE, 'Vacuum sealed'),
(85, '2025-04-09', -18.0, 10, TRUE, 'Vacuum sealed');

-- SHELF STABLE (Grains, Oils, Beverages)
INSERT INTO Product (product_name, product_type, unit_price, weight, vendor_id) VALUES
('Vegetable Oil', 'Shelf_Stable', 2.00, 0.946, 2),
('Coconut Sugar', 'Shelf_Stable', 5.00, 0.500, 7),
('Avocado Oil', 'Shelf_Stable', 10.00, 0.500, 12),
('Jasmine Rice', 'Shelf_Stable', 4.75, 0.500, 24),
('Bread Flour', 'Shelf_Stable', 1.50, 1.000, 20),
('Rice Flour', 'Shelf_Stable', 2.00, 1.000, 24),
('Arabica Coffee', 'Shelf_Stable', 20.00, 0.250, 21),
('Green Coffee', 'Shelf_Stable', 12.00, 0.500, 26),
('Robusta Coffee', 'Shelf_Stable', 10.00, 0.250, 21),
('Black Tea', 'Shelf_Stable', 4.70, 0.100, 27),
('Herbal Tea', 'Shelf_Stable', 30.00, 0.200, 27),
('Olive Oil', 'Shelf_Stable', 6.00, 0.500, 28),
('Sesame Oil', 'Shelf_Stable', 6.50, 0.500, 12),
('Sunflower Oil', 'Shelf_Stable', 2.50, 0.946, 24),
('Palm Oil', 'Shelf_Stable', 1.80, 0.946, 24),
('Basmati Rice', 'Shelf_Stable', 4.50, 0.500, 24),
('Sushi Rice', 'Shelf_Stable', 4.35, 0.500, 26),
('Arborio Rice', 'Shelf_Stable', 4.50, 0.500, 29),
('Black Rice', 'Shelf_Stable', 6.20, 0.500, 29),
('Wild Rice', 'Shelf_Stable', 10.00, 0.454, 26),
('White Sugar', 'Shelf_Stable', 2.00, 1.000, 30),
('Brown Sugar', 'Shelf_Stable', 2.10, 1.000, 7),
('Powdered Sugar', 'Shelf_Stable', 2.50, 1.000, 30),
('Honey', 'Shelf_Stable', 8.00, 0.680, 7),
('Maple Syrup', 'Shelf_Stable', 12.00, 0.473, 2),
('Peanut Butter', 'Shelf_Stable', 4.50, 0.500, 21),
('Almond Butter', 'Shelf_Stable', 8.00, 0.500, 21),
('Coconut Oil', 'Shelf_Stable', 5.00, 0.500, 12),
('Canola Oil', 'Shelf_Stable', 2.30, 0.946, 24),
('Peanut Oil', 'Shelf_Stable', 4.00, 0.946, 25);

INSERT INTO Shelf_Stable (product_id, expiration_date, packaging_type, shelf_life_months, is_canned, serving_count) VALUES
(86, '2026-04-26', 'Bottle', 12, FALSE, 30),
(87, '2026-01-26', 'Bag', 9, FALSE, 20),
(88, '2026-01-26', 'Bottle', 9, FALSE, 25),
(89, '2026-04-26', 'Bag', 12, FALSE, 40),
(90, '2026-01-26', 'Bag', 12, FALSE, 35),
(91, '2026-01-26', 'Bag', 12, FALSE, 30),
(92, '2025-10-26', 'Bag', 6, FALSE, 40),
(93, '2025-10-26', 'Bag', 6, FALSE, 20),
(94, '2025-10-26', 'Bag', 6, FALSE, 30),
(95, '2025-09-26', 'Box', 5, FALSE, 25),
(96, '2025-11-26', 'Box', 7, FALSE, 15),
(97, '2026-01-26', 'Bottle', 9, FALSE, 20),
(98, '2025-12-26', 'Bottle', 8, FALSE, 25),
(99, '2025-09-26', 'Bottle', 5, FALSE, 30),
(100, '2025-10-26', 'Bottle', 6, FALSE, 28),
(101, '2026-04-26', 'Bag', 12, FALSE, 45),
(102, '2026-04-26', 'Bag', 12, FALSE, 40),
(103, '2026-04-26', 'Bag', 12, FALSE, 38),
(104, '2026-04-26', 'Bag', 12, FALSE, 42),
(105, '2026-04-26', 'Bag', 12, FALSE, 35),
(106, '2026-06-26', 'Bag', 24, FALSE, 60),
(107, '2026-06-26', 'Bag', 24, FALSE, 50),
(108, '2026-12-26', 'Jar', 12, FALSE, 15),
(109, '2026-12-26', 'Bottle', 24, FALSE, 20),
(110, '2026-04-26', 'Bottle', 9, FALSE, 16),
(111, '2026-12-26', 'Jar', 12, FALSE, 12),
(112, '2026-12-26', 'Jar', 12, FALSE, 14),
(113, '2026-01-26', 'Bottle', 9, FALSE, 22),
(114, '2026-04-26', 'Bottle', 12, FALSE, 32),
(115, '2026-04-26', 'Bottle', 12, FALSE, 28);

-- DELI
INSERT INTO Product (product_name, product_type, unit_price, weight, vendor_id) VALUES
('Smoked Turkey', 'Deli', 8.75, 0.500, 5),
('Black Forest Ham', 'Deli', 7.80, 0.500, 5),
('Genoa Salami', 'Deli', 9.50, 0.400, 11),
('Roast Beef Slices', 'Deli', 10.25, 0.500, 5),
('Pastrami', 'Deli', 10.75, 0.500, 11),
('Mortadella', 'Deli', 8.25, 0.400, 15),
('Prosciutto', 'Deli', 14.00, 0.250, 15),
('Capicola', 'Deli', 12.50, 0.300, 15),
('Chicken Salad', 'Deli', 6.75, 0.500, 9),
('Tuna Salad', 'Deli', 6.50, 0.500, 28),
('Egg Salad', 'Deli', 5.25, 0.500, 17),
('Potato Salad', 'Deli', 4.75, 0.500, 9),
('Macaroni Salad', 'Deli', 4.50, 0.500, 9),
('Coleslaw', 'Deli', 3.80, 0.500, 9),
('Bologna', 'Deli', 5.50, 0.500, 5),
('Corned Beef', 'Deli', 11.25, 0.500, 11),
('Pepperoni', 'Deli', 7.25, 0.300, 11),
('Swiss Deli Cheese', 'Deli', 8.95, 0.500, 11),
('Provolone Slices', 'Deli', 7.95, 0.500, 15),
('Olive Tapenade', 'Deli', 6.25, 0.250, 12);

INSERT INTO Deli (product_id, slice_thickness, is_prepackaged, serving_size, cure_method, sodium_content) VALUES
(116, 1.50, TRUE, '4 oz', 'Smoked', 720.00),
(117, 1.50, TRUE, '4 oz', 'Smoked', 840.00),
(118, 1.25, TRUE, '3 oz', 'Dry cured', 980.00),
(119, 1.50, TRUE, '4 oz', 'Roasted', 760.00),
(120, 1.50, TRUE, '4 oz', 'Brined', 890.00),
(121, 1.25, TRUE, '3 oz', 'Cured', 780.00),
(122, 0.75, TRUE, '2 oz', 'Dry cured', 900.00),
(123, 1.00, TRUE, '3 oz', 'Cured', 820.00),
(124, NULL, TRUE, '4 oz', 'Prepared salad', 410.00),
(125, NULL, TRUE, '4 oz', 'Prepared salad', 390.00),
(126, NULL, TRUE, '4 oz', 'Prepared salad', 360.00),
(127, NULL, TRUE, '4 oz', 'Prepared salad', 320.00),
(128, NULL, TRUE, '4 oz', 'Prepared salad', 330.00),
(129, NULL, TRUE, '4 oz', 'Prepared salad', 240.00),
(130, 1.50, TRUE, '4 oz', 'Cured', 700.00),
(131, 1.50, TRUE, '4 oz', 'Brined', 880.00),
(132, 1.00, TRUE, '3 oz', 'Cured', 760.00),
(133, 1.50, TRUE, '4 oz', 'Aged', 120.00),
(134, 1.50, TRUE, '4 oz', 'Aged', 140.00),
(135, NULL, TRUE, '2 oz', 'Prepared spread', 300.00);

-- =========================================================
-- INVENTORY DATA
-- =========================================================
INSERT INTO Inventory (warehouse_id, product_id, quantity, restock_threshold, last_restocked) VALUES
(1, 1, 46, 64, '2025-03-01'),
(2, 2, 51, 87, '2025-04-01'),
(3, 3, 38, 67, '2025-04-01'),
(4, 4, 51, 60, '2025-05-01'),
(5, 5, 27, 22, '2025-05-01'),
(6, 6, 91, 6, '2025-05-01'),
(7, 7, 17, 85, '2025-05-01'),
(8, 8, 81, 22, '2025-06-01'),
(9, 9, 78, 24, '2025-06-01'),
(10, 10, 55, 50, '2025-06-01'),
(1, 11, 60, 9, '2025-06-01'),
(2, 12, 53, 89, '2025-07-01'),
(3, 13, 94, 58, '2025-08-01'),
(4, 14, 34, 92, '2025-09-01'),
(5, 15, 79, 37, '2025-09-01'),
(6, 16, 76, 54, '2025-10-01'),
(7, 17, 12, 30, '2025-10-01'),
(8, 18, 50, 46, '2025-10-01'),
(9, 19, 25, 62, '2025-10-01'),
(10, 20, 67, 14, '2025-10-01'),
(1, 21, 38, 43, '2025-10-01'),
(2, 22, 13, 39, '2025-06-02'),
(3, 23, 78, 24, '2025-08-02'),
(4, 24, 31, 65, '2025-12-03'),
(5, 25, 50, 14, '2025-06-02'),
(6, 26, 68, 82, '2025-04-08'),
(7, 27, 55, 83, '2025-04-02'),
(8, 28, 25, 72, '2025-05-03'),
(9, 29, 30, 42, '2025-05-02'),
(10, 30, 34, 32, '2025-05-02'),
(1, 31, 42, 50, '2025-04-15'),
(2, 32, 38, 45, '2025-04-18'),
(3, 33, 22, 30, '2025-04-20'),
(4, 34, 35, 40, '2025-04-16'),
(5, 35, 28, 35, '2025-04-19'),
(6, 36, 65, 79, '2025-04-02'),
(7, 37, 40, 30, '2025-07-02'),
(8, 38, 100, 1, '2025-08-02'),
(9, 39, 17, 63, '2025-08-02'),
(10, 40, 12, 59, '2025-06-03'),
(1, 41, 30, 42, '2025-05-02'),
(2, 42, 25, 44, '2025-07-04'),
(3, 43, 29, 72, '2025-05-03'),
(4, 44, 72, 29, '2025-08-03'),
(5, 45, 75, 80, '2025-07-06'),
(6, 46, 48, 40, '2025-05-10'),
(7, 47, 32, 25, '2025-05-11'),
(8, 48, 56, 35, '2025-05-12'),
(9, 49, 44, 38, '2025-05-13'),
(10, 50, 62, 50, '2025-05-14'),
(1, 51, 35, 45, '2025-05-15'),
(2, 52, 52, 40, '2025-05-16'),
(3, 53, 68, 45, '2025-05-17'),
(4, 54, 82, 50, '2025-05-18'),
(5, 55, 45, 35, '2025-05-19'),
(6, 56, 65, 79, '2025-04-22'),
(7, 57, 40, 30, '2025-07-22'),
(8, 58, 100, 1, '2025-08-22'),
(9, 59, 17, 63, '2025-08-23'),
(10, 60, 12, 59, '2025-06-23'),
(1, 61, 28, 20, '2025-04-25'),
(2, 62, 35, 25, '2025-04-24'),
(3, 63, 42, 30, '2025-04-26'),
(4, 64, 55, 40, '2025-04-26'),
(5, 65, 18, 15, '2025-04-25'),
(6, 66, 38, 35, '2025-04-25'),
(7, 67, 45, 40, '2025-04-24'),
(8, 68, 32, 28, '2025-04-25'),
(9, 69, 85, 10, '2025-04-20'),
(10, 70, 22, 18, '2025-04-26'),
(1, 71, 30, 42, '2025-05-02'),
(2, 72, 25, 44, '2025-07-04'),
(3, 73, 29, 72, '2025-05-03'),
(4, 74, 72, 29, '2025-08-03'),
(5, 75, 75, 80, '2025-07-06'),
(6, 76, 52, 45, '2025-05-12'),
(7, 77, 48, 38, '2025-05-13'),
(8, 78, 61, 50, '2025-05-14'),
(9, 79, 36, 30, '2025-05-15'),
(10, 80, 55, 42, '2025-05-16'),
(1, 81, 42, 38, '2025-05-17'),
(2, 82, 68, 50, '2025-05-18'),
(3, 83, 71, 55, '2025-05-19'),
(4, 84, 45, 35, '2025-05-20'),
(5, 85, 59, 48, '2025-05-21'),
(6, 86, 24, 35, '2025-05-04'),
(7, 87, 17, 85, '2025-04-03'),
(8, 88, 24, 89, '2025-05-04'),
(9, 89, 34, 32, '2025-05-02'),
(10, 90, 11, 58, '2025-06-06'),
(1, 91, 54, 78, '2025-05-02'),
(2, 92, 45, 77, '2025-08-02'),
(3, 93, 58, 5, '2025-10-02'),
(4, 94, 24, 35, '2025-05-04'),
(5, 95, 100, 92, '2025-05-05'),
(6, 96, 91, 78, '2025-05-05'),
(7, 97, 18, 72, '2025-05-05'),
(8, 98, 80, 86, '2025-05-05'),
(9, 99, 46, 81, '2025-09-05'),
(10, 100, 37, 45, '2025-12-08'),
(1, 101, 52, 60, '2025-05-15'),
(2, 102, 48, 55, '2025-05-16'),
(3, 103, 61, 50, '2025-05-17'),
(4, 104, 35, 40, '2025-05-18'),
(5, 105, 73, 65, '2025-05-19'),
(6, 106, 88, 75, '2025-05-20'),
(7, 107, 42, 35, '2025-05-21'),
(8, 108, 25, 30, '2025-05-22'),
(9, 109, 68, 55, '2025-05-23'),
(10, 110, 31, 28, '2025-05-24'),
(1, 111, 47, 40, '2025-05-25'),
(2, 112, 56, 48, '2025-05-26'),
(3, 113, 39, 35, '2025-05-27'),
(4, 114, 82, 70, '2025-05-28'),
(5, 115, 27, 25, '2025-05-29'),
(6, 116, 44, 30, '2025-05-30'),
(7, 117, 52, 35, '2025-05-30'),
(8, 118, 37, 25, '2025-05-30'),
(9, 119, 41, 28, '2025-05-30'),
(10, 120, 36, 24, '2025-05-30'),
(1, 121, 55, 40, '2025-05-31'),
(2, 122, 28, 20, '2025-05-31'),
(3, 123, 33, 22, '2025-05-31'),
(4, 124, 47, 32, '2025-05-31'),
(5, 125, 50, 35, '2025-05-31'),
(6, 126, 39, 25, '2025-06-01'),
(7, 127, 62, 45, '2025-06-01'),
(8, 128, 43, 30, '2025-06-01'),
(9, 129, 58, 40, '2025-06-01'),
(10, 130, 31, 22, '2025-06-01'),
(1, 131, 35, 25, '2025-06-02'),
(2, 132, 46, 32, '2025-06-02'),
(3, 133, 49, 34, '2025-06-02'),
(4, 134, 53, 38, '2025-06-02'),
(5, 135, 40, 28, '2025-06-02');

-- =========================================================
-- ORDER DATA (Fabricated - 20+ orders for customer interaction)
-- =========================================================
INSERT INTO `Order` (customer_id, order_date) VALUES
(1, '2025-01-15'),
(2, '2025-01-18'),
(3, '2025-01-22'),
(4, '2025-02-05'),
(5, '2025-02-10'),
(6, '2025-02-14'),
(7, '2025-02-20'),
(8, '2025-03-01'),
(9, '2025-03-05'),
(10, '2025-03-12'),
(11, '2025-03-18'),
(12, '2025-04-02'),
(13, '2025-04-08'),
(14, '2025-04-15'),
(15, '2025-04-20'),
(16, '2025-05-01'),
(17, '2025-05-08'),
(18, '2025-05-15'),
(19, '2025-05-22'),
(20, '2025-06-01');

-- =========================================================
-- SHIPMENT DATA
-- =========================================================
INSERT INTO Shipment (order_id, warehouse_id, ship_date, tracking_number) VALUES
(1, 1, '2025-01-16', 'TRK001001'),
(2, 2, '2025-01-19', 'TRK001002'),
(3, 3, '2025-01-23', 'TRK001003'),
(4, 4, '2025-02-06', 'TRK001004'),
(5, 5, '2025-02-11', 'TRK001005'),
(6, 6, '2025-02-15', 'TRK001006'),
(7, 7, '2025-02-21', 'TRK001007'),
(8, 8, '2025-03-02', 'TRK001008'),
(9, 9, '2025-03-06', 'TRK001009'),
(10, 10, '2025-03-13', 'TRK001010'),
(11, 1, '2025-03-19', 'TRK001011'),
(12, 2, '2025-04-03', 'TRK001012'),
(13, 3, '2025-04-09', 'TRK001013'),
(14, 4, '2025-04-16', 'TRK001014'),
(15, 5, '2025-04-21', 'TRK001015'),
(16, 6, '2025-05-02', 'TRK001016'),
(17, 7, '2025-05-09', 'TRK001017'),
(18, 8, '2025-05-16', 'TRK001018'),
(19, 9, '2025-05-23', 'TRK001019'),
(20, 10, '2025-06-02', 'TRK001020');

-- =========================================================
-- ORDER_LINE DATA (Fabricated - realistic line items)
-- =========================================================
INSERT INTO Order_Line (shipment_id, product_id, quantity, unit_price) VALUES
(1, 1, 2, 4.60),
(1, 21, 1, 12.00),
(2, 2, 3, 2.00),
(2, 46, 1, 2.00),
(3, 3, 1, 7.00),
(3, 22, 2, 9.00),
(4, 4, 5, 1.50),
(4, 31, 2, 8.99),
(5, 5, 3, 2.90),
(5, 36, 1, 4.00),
(6, 6, 2, 2.50),
(6, 23, 1, 1.70),
(7, 7, 1, 4.50),
(7, 49, 1, 4.75),
(8, 8, 3, 3.00),
(8, 32, 2, 7.49),
(9, 9, 2, 7.00),
(9, 37, 1, 4.00),
(10, 10, 1, 1.70),
(10, 52, 2, 20.00),
(11, 11, 2, 9.00),
(11, 41, 1, 7.00),
(12, 12, 3, 1.80),
(12, 24, 1, 9.00),
(13, 13, 2, 2.00),
(13, 50, 1, 4.75),
(14, 14, 4, 6.00),
(14, 31, 1, 8.99),
(15, 15, 1, 2.50),
(15, 38, 2, 5.00),
(16, 16, 3, 5.00),
(16, 42, 1, 18.00),
(17, 17, 2, 3.50),
(17, 26, 1, 6.20),
(18, 18, 4, 6.00),
(18, 53, 1, 6.50),
(19, 19, 5, 2.00),
(19, 33, 1, 14.99),
(20, 20, 2, 2.50),
(20, 43, 2, 12.00);

-- =========================================================
-- ORDER_STATUS_HISTORY DATA (Varied completion statuses)
-- =========================================================
INSERT INTO Order_Status_History (order_id, status, changed_at, notes) VALUES
-- Order 1: DELIVERED
(1, 'pending', '2025-01-15 10:00:00', 'Order placed'),
(1, 'processing', '2025-01-15 14:30:00', 'Processing order'),
(1, 'shipped', '2025-01-16 08:00:00', 'Order shipped'),
(1, 'delivered', '2025-01-18 16:45:00', 'Delivered to customer'),

(2, 'pending', '2025-01-18 11:00:00', 'Order placed'),
(2, 'processing', '2025-01-18 15:00:00', 'Processing order'),
(2, 'shipped', '2025-01-19 09:00:00', 'Order shipped'),
(2, 'delivered', '2025-01-21 14:00:00', 'Delivered to customer'),

(3, 'pending', '2025-01-22 09:30:00', 'Order placed'),
(3, 'processing', '2025-01-22 13:00:00', 'Processing order'),
(3, 'shipped', '2025-01-23 07:30:00', 'Order shipped'),
(3, 'delivered', '2025-01-25 15:30:00', 'Delivered to customer'),

(4, 'pending', '2025-02-05 12:00:00', 'Order placed'),
(4, 'processing', '2025-02-05 16:00:00', 'Processing order'),
(4, 'shipped', '2025-02-06 08:30:00', 'Order shipped'),
(4, 'delivered', '2025-02-08 17:00:00', 'Delivered to customer'),

(5, 'pending', '2025-02-10 10:15:00', 'Order placed'),
(5, 'processing', '2025-02-10 14:45:00', 'Processing order'),
(5, 'shipped', '2025-02-11 09:00:00', 'Order shipped'),
(5, 'delivered', '2025-02-13 16:30:00', 'Delivered to customer'),

(6, 'pending', '2025-02-14 11:00:00', 'Order placed'),
(6, 'processing', '2025-02-14 15:30:00', 'Processing order'),
(6, 'shipped', '2025-02-15 08:00:00', 'Order shipped'),
(6, 'delivered', '2025-02-17 14:45:00', 'Delivered to customer'),

(7, 'pending', '2025-02-20 13:30:00', 'Order placed'),
(7, 'processing', '2025-02-20 17:00:00', 'Processing order'),
(7, 'shipped', '2025-02-21 09:30:00', 'Order shipped'),
(7, 'delivered', '2025-02-23 15:15:00', 'Delivered to customer'),

(8, 'pending', '2025-03-01 09:45:00', 'Order placed'),
(8, 'processing', '2025-03-01 14:15:00', 'Processing order'),
(8, 'shipped', '2025-03-02 08:30:00', 'Order shipped'),
(8, 'delivered', '2025-03-04 16:00:00', 'Delivered to customer'),

(9, 'pending', '2025-03-05 10:30:00', 'Order placed'),
(9, 'processing', '2025-03-05 15:00:00', 'Processing order'),
(9, 'shipped', '2025-03-06 07:45:00', 'Order shipped'),
(9, 'delivered', '2025-03-08 17:30:00', 'Delivered to customer'),

(10, 'pending', '2025-03-12 11:15:00', 'Order placed'),
(10, 'processing', '2025-03-12 16:00:00', 'Processing order'),
(10, 'shipped', '2025-03-13 09:00:00', 'Order shipped'),
(10, 'delivered', '2025-03-15 14:45:00', 'Delivered to customer'),

(11, 'pending', '2025-03-18 12:00:00', 'Order placed'),
(11, 'processing', '2025-03-18 16:30:00', 'Processing order'),
(11, 'shipped', '2025-03-19 08:15:00', 'Order shipped'),
(11, 'delivered', '2025-03-21 15:00:00', 'Delivered to customer'),

(12, 'pending', '2025-04-02 10:00:00', 'Order placed'),
(12, 'processing', '2025-04-02 14:30:00', 'Processing order'),
(12, 'shipped', '2025-04-03 08:00:00', 'Order shipped'),
(12, 'delivered', '2025-04-05 16:15:00', 'Delivered to customer'),

(13, 'pending', '2025-04-08 11:30:00', 'Order placed'),
(13, 'processing', '2025-04-08 15:45:00', 'Processing order'),
(13, 'shipped', '2025-04-09 09:00:00', 'Order shipped'),
(13, 'delivered', '2025-04-11 14:30:00', 'Delivered to customer'),

(14, 'pending', '2025-04-15 09:15:00', 'Order placed'),
(14, 'processing', '2025-04-15 13:45:00', 'Processing order'),
(14, 'shipped', '2025-04-16 08:30:00', 'Order shipped'),
(14, 'delivered', '2025-04-18 15:45:00', 'Delivered to customer'),

(15, 'pending', '2025-04-20 12:30:00', 'Order placed'),
(15, 'processing', '2025-04-20 16:15:00', 'Processing order'),
(15, 'cancelled', '2025-04-21 08:00:00', 'Customer requested cancellation'),

(16, 'pending', '2025-05-01 10:45:00', 'Order placed'),
(16, 'cancelled', '2025-05-01 13:30:00', 'Customer cancelled order'),

(17, 'pending', '2025-05-08 11:00:00', 'Order placed'),
(17, 'processing', '2025-05-08 15:30:00', 'Processing order'),
(17, 'cancelled', '2025-05-09 07:00:00', 'Customer cancelled - delivery address issue'),

(18, 'pending', '2025-05-15 12:15:00', 'Order placed'),
(18, 'processing', '2025-05-15 16:00:00', 'Processing order'),
(18, 'unable_to_fulfill', '2025-05-16 10:30:00', 'Unable to fulfill - product out of stock'),

(19, 'pending', '2025-05-22 10:30:00', 'Order placed'),
(19, 'processing', '2025-05-22 14:45:00', 'Processing order'),
(19, 'unable_to_fulfill', '2025-05-23 11:00:00', 'Unable to fulfill - supplier shortage on requested items'),

(20, 'pending', '2025-06-01 11:45:00', 'Order placed'),
(20, 'processing', '2025-06-01 15:15:00', 'Processing order'),
(20, 'unable_to_fulfill', '2025-06-02 09:00:00', 'Unable to fulfill - warehouse inventory damaged in incident');
